,fold,training_time,mae_scaled_calculated,mae_calculated,mape_calculated,r2_calculated
0,0,8.795771139999488,0.16924433,14.378998,0.110269435,3.006881
1,1,7.71291815099903,0.35833964,30.444536,0.20250387,11.036219
2,2,10.215458066000792,0.4189888,35.59729,0.21978794,16.01768
