,fold,training_time,mae_scaled_calculated,mae_calculated,mape_calculated,r2_calculated
0,0,11.788410986999224,0.15289992,12.990376,0.09945081,2.3823204
1,1,14.644362499000636,0.24700223,20.985312,0.13856731,5.2481017
2,2,17.699607704998925,0.21724777,18.457369,0.11290345,4.258669
