,fold,training_time,mae_scaled_calculated,mae_calculated,mape_calculated,r2_calculated
0,0,8.55247360300018,0.1527467,12.97736,0.0993512,2.3763309
1,1,9.936669936000726,0.32670802,27.75712,0.1842857,9.173821
2,2,11.978899621999517,0.12032844,10.223104,0.062277183,1.0047075
