,CO2 Emission,Year,Month
0,156.78424072265625,2013.0,6.0
1,156.78939819335938,2013.0,7.0
2,156.6394500732422,2013.0,8.0
3,155.1800079345703,2013.0,9.0
4,155.69058227539062,2013.0,10.0
5,155.47061157226562,2013.0,11.0
6,155.90626525878906,2013.0,12.0
7,156.21981811523438,2014.0,1.0
8,156.4762725830078,2014.0,2.0
9,159.4303741455078,2014.0,3.0
10,159.88600158691406,2014.0,4.0
11,161.33837890625,2014.0,5.0
