,CO2 Emission,Year,Month
0,156.78424072265625,2013.0,6.0
1,156.78941345214844,2013.0,7.0
2,156.63943481445312,2013.0,8.0
3,155.1800079345703,2013.0,9.0
4,155.6905975341797,2013.0,10.0
5,155.47059631347656,2013.0,11.0
6,155.90625,2013.0,12.0
7,156.2198028564453,2014.0,1.0
8,156.47625732421875,2014.0,2.0
9,159.43038940429688,2014.0,3.0
10,159.885986328125,2014.0,4.0
11,161.33837890625,2014.0,5.0
