,fold,training_time,mae_scaled_calculated,mae_calculated,mape_calculated,r2_calculated
0,0,19.569135694999204,0.1499678,12.741265,0.09750083,2.2739773
1,1,27.19843308199961,0.16342838,13.884876,0.09144595,2.408904
2,2,36.29727969000123,0.067918606,5.770365,0.03628827,0.655709
