,fold,training_time,mae_scaled_calculated,mae_calculated,mape_calculated,r2_calculated
0,0,7.7254274989991245,0.15768951,13.3973,0.10261742,2.5596368
1,1,7.776122639999812,0.3015896,25.623053,0.16981506,7.817419
2,2,9.32850325399886,0.38466772,32.681374,0.20152512,13.501007
