,fold,training_time,mae_scaled_calculated,mae_calculated,mape_calculated,r2_calculated
0,0,23.750390692999645,0.15520833,13.186499,0.100954466,2.4603548
1,1,17.101162922000185,0.3237397,27.50493,0.18258266,9.008002
2,2,21.652039620999858,0.36988938,31.425806,0.1936832,12.483694
