Model,Order,RMSE,MAE,R²,Training Time (s)
ARIMA,"(3, 0, 2)",8.395175637095523,6.541859144474969,0.042641974411375426,0.18324546700023348
