,fold,training_time,rmse_calculated,mae_calculated,mape_calculated,r2_calculated
0,0,16.709227577000092,5.237158,4.026813,0.035172764,0.19852963
1,1,12.87388799900009,8.269668,7.324133,0.054766487,2.0274549
2,2,15.528194297000027,11.367762,9.646275,0.0648834,1.4059507
3,3,18.136955197000134,7.6018953,6.303452,0.038734626,0.29385915
4,4,21.72475455299991,7.090901,5.3953633,0.03501412,0.9766569
