,fold,training_time,mae_scaled_calculated,mae_calculated,mape_calculated,r2_calculated
0,0,11.909633126999779,0.14654236,12.450238,0.095494956,2.0733433
1,1,14.724341391000053,0.14550729,12.3623,0.081117816,1.8510907
2,2,18.21821256999965,0.09098185,7.729817,0.047642022,0.79732007
