,fold,training_time,rmse_calculated,mae_calculated,mape_calculated,r2_calculated
0,0,10.710206087999723,5.882556,4.5302978,0.03871454,0.14233728
1,1,14.410301946999425,16.113789,15.2167,0.11472509,7.9925337
2,2,17.382552394999948,11.285882,9.462988,0.06402047,1.6257298
3,3,17.60758960200019,12.158611,10.482239,0.0639397,1.8286877
4,4,19.33060684099928,8.294846,6.6510644,0.042506825,0.7174708
