Model,Order,Seasonal Order,RMSE,MAE,R²,Training Time (s)
SARIMA,"(2, 0, 0)","(1, 1, 1, 12)",6.760460818909545,5.880657418784956,0.39745657176106547,0.34848526699988724
