,fold,training_time,mae_scaled_calculated,mae_calculated,mape_calculated,r2_calculated
0,0,17.243236635999892,0.1516906,12.887633,0.09888336,2.2425392
1,1,24.03342147000012,0.31671038,26.907715,0.17890485,8.475741
2,2,30.844699775999743,0.10464341,8.890504,0.054700833,1.4430045
